ec5_uuid,ec5_parent_uuid,created_at,uploaded_at,title,16_Te_gusta_educacin,17_Hacs_algn_deporte,18_Te_parece_importa,19_Del_15_como_descr
1372eb30-bb8c-11f1-baa4-f12237fc128f,98112569-0c5a-435f-80f2-18e465d22cca,2026-09-28T22:29:32.000Z,2026-09-28T22:29:46.000Z,"Sí  3","Sí ",Sí,"no ",3
06ed8140-bb8c-11f1-81cb-c748e10b60aa,b46bbc53-6fab-45ac-bbb8-9056372e41db,2026-09-28T22:29:11.000Z,2026-09-28T22:29:23.000Z,"Sí  3","Sí ","No ","sí ",3
2c598952-ebbe-4995-a3a1-742fb816b413,d739ed99-cb32-4303-85ba-f61b0ccdcfdb,2026-09-28T22:28:43.000Z,2026-09-28T22:28:53.000Z,"No 4",No,"No ","no ",4
6ec277b4-ea30-4780-81f6-386c33475593,01584720-bfbb-4a05-a582-e3c4f38987cd,2026-09-28T22:26:01.000Z,2026-09-28T22:26:10.000Z,"Sí  4, 5 (Mucha energía)","Sí ","No ","sí ","5 (Mucha energía), 4"
b4df63b3-94a1-49d3-8325-1ac5a89dc2cf,87a4ad89-1ad8-46b3-ac73-dae91d56fb89,2026-09-28T18:03:10.000Z,2026-09-28T18:04:11.000Z,"Sí  3","Sí ","No ","sí ",3
5e9f42e9-0930-4a0e-90bb-400ae9d3abd4,c3b89239-8f43-4100-9f1d-defd0e589426,2026-09-28T17:48:11.000Z,2026-09-28T17:48:24.000Z,"Sí  4","Sí ",Sí,"no ",4
1ebc4dad-81ae-4ae6-9aa9-19ce0f4c4328,d21bb69a-5778-4dcf-a732-a46aba75e7da,2026-09-28T17:47:50.000Z,2026-09-28T17:48:03.000Z,"Sí  3","Sí ","No ","sí ",3
873f862c-2c82-4468-8440-f88fdf628c1c,1aa3b420-1d8b-4cb7-a866-e09c476102a2,2026-09-28T17:46:46.000Z,2026-09-28T17:46:55.000Z,"Sí  5 (Mucha energía)","Sí ",Sí,"sí ","5 (Mucha energía)"
a7101c25-4696-4d0a-be9b-1c3f25969c4e,0157c595-70f1-4942-be45-0c2cc102a3b5,2026-09-28T17:45:35.000Z,2026-09-28T17:45:56.000Z,"Sí  5 (Mucha energía)","Sí ",Sí,"sí ","5 (Mucha energía)"
