ec5_uuid,created_at,uploaded_at,title,1_Coms_4_comidas_al_,2_Cuantas_veces_al_d,3_Cual_de_las_siguie,4_Pasta,5_Carne,6_Milanesa,7_Te_termins_el_plat,8_Con_cuanta_frecuen,9_Coms_algo_durante_,10_Cada_cuanto_tomas,11_Tens_alguna_dieta,12_Si_la_respuesta_e,13_Coms_snacksgolosi,14_Con_que_frecuenci,15_Cual_es_tu_snack_
81e6d370-14fe-437c-87fd-d5c07c1e6ab3,2026-09-28T17:47:46.000Z,2026-09-28T22:32:03.000Z,"4 veces al día  2-3 veces por semana  Pocas veces",Sí,"4 veces al día ","Pasta/ fideos","2-3 veces por semana ","2-3 veces ","1 vez a la semana ",Sí,"Pocas veces ",Sí,"Pocas veces durante el día / tomo un poco de agua ",No,Otra,Si,"2-3 veces al día","Galletitas (saladas tipo rex, club social, don satur, saladix etc)"
90d5c4ef-6cae-4b99-b820-afe3075ca984,2026-09-28T17:42:21.000Z,2026-09-28T22:29:56.000Z,"entre 2-3 veces  4 o más  Todos los días",No,"entre 2-3 veces ","Pasta/ fideos, Pollo y verduras ","4 o más ","1 vez a la semana ","1 vez a la semana ",Sí,"Todos los días ",Sí,"Todos los recreos/ tomo mucha agua",No,Otra,Si,Nunca,"Caramelos (chupetines, gomitas y masticables)"
d739ed99-cb32-4303-85ba-f61b0ccdcfdb,2026-09-28T22:28:22.000Z,2026-09-28T22:28:49.000Z,"entre 2-3 veces  2-3 veces por semana  2-3 veces a la semana",No,"entre 2-3 veces ","Milanesa/ patitas de pollo","2-3 veces por semana ","1 vez a la semana ","2-3 veces",No,"2-3 veces a la semana ",Sí,"Todos los recreos/ tomo mucha agua",No,Otra,Si,"Todos los recreos","Galletitas (dulces tipo oreo, sonrisas, pepitos, etc)"
01584720-bfbb-4a05-a582-e3c4f38987cd,2026-09-28T22:25:05.000Z,2026-09-28T22:25:20.000Z,"4 veces al día  2-3 veces por semana  Todos los días",Sí,"4 veces al día ","Sandwiches ","2-3 veces por semana ","Nunca o rara vez ","2-3 veces",Sí,"Todos los días ",Sí,"Pocas veces durante el día / tomo un poco de agua ",No,Otra,Si,"2-3 veces al día","Galletitas (saladas tipo rex, club social, don satur, saladix etc)"
b46bbc53-6fab-45ac-bbb8-9056372e41db,2026-09-28T17:47:02.000Z,2026-09-28T22:24:12.000Z,"4 veces al día  4 o más  Todos los días",Sí,"4 veces al día ","Pasta/ fideos","4 o más ","1 vez a la semana ","1 vez a la semana ",Sí,"Todos los días ",Sí,"Todos los recreos/ tomo mucha agua",No,Otra,Si,Nunca,"Chocolates "
98112569-0c5a-435f-80f2-18e465d22cca,2026-09-28T17:47:24.000Z,2026-09-28T22:22:36.000Z,"4 veces al día  1 vez a la semana  Pocas veces",Sí,"4 veces al día ","Pasta/ fideos, Pollo y verduras ","1 vez a la semana ","2-3 veces ","2-3 veces",Sí,"Pocas veces ",Sí,"Casi no tomo agua , Pocas veces durante el día / tomo un poco de agua ",No,,Si,Nunca,"Galletitas (saladas tipo rex, club social, don satur, saladix etc)"
87a4ad89-1ad8-46b3-ac73-dae91d56fb89,2026-09-28T17:51:23.000Z,2026-09-28T18:04:08.000Z,"4 veces al día  2-3 veces por semana  2-3 veces a la semana",Sí,"4 veces al día ","Pollo y verduras , Pasta/ fideos, Sandwiches ","2-3 veces por semana ","2-3 veces ","1 vez a la semana ",Sí,"2-3 veces a la semana ","No ","Pocas veces durante el día / tomo un poco de agua ",No,,Si,"Todos los recreos","Caramelos (chupetines, gomitas y masticables)"
c3b89239-8f43-4100-9f1d-defd0e589426,2026-09-28T17:45:47.000Z,2026-09-28T17:45:56.000Z,"entre 2-3 veces  1 vez a la semana  Todos los días",No,"entre 2-3 veces ","Sandwiches ","1 vez a la semana ","1 vez a la semana ","2-3 veces",Sí,"Todos los días ","No ","Casi no tomo agua ",No,Otra,Si,"2-3 veces al día","Caramelos (chupetines, gomitas y masticables)"
0157c595-70f1-4942-be45-0c2cc102a3b5,2026-09-28T17:43:47.000Z,2026-09-28T17:45:52.000Z,"entre 2-3 veces  2-3 veces por semana  2-3 veces a la semana",No,"entre 2-3 veces ","Pasta/ fideos, Milanesa/ patitas de pollo","2-3 veces por semana ","1 vez a la semana ","2-3 veces",No,"2-3 veces a la semana ","No ","Pocas veces durante el día / tomo un poco de agua ",No,Otra,Si,"2-3 veces al día",Alfajor
1aa3b420-1d8b-4cb7-a866-e09c476102a2,2026-09-28T17:45:04.000Z,2026-09-28T17:45:23.000Z,"entre 2-3 veces  2-3 veces por semana  Todos los días",No,"entre 2-3 veces ","Pollo y verduras ","2-3 veces por semana ","2-3 veces ","4 o más ",No,"Todos los días ","No ","Pocas veces durante el día / tomo un poco de agua ",No,,Si,"Todos los recreos","Caramelos (chupetines, gomitas y masticables)"
d21bb69a-5778-4dcf-a732-a46aba75e7da,2026-09-28T17:41:12.000Z,2026-09-28T17:41:25.000Z,"entre 2-3 veces  2-3 veces por semana  No desayuno antes de ir al colegio",No,"entre 2-3 veces ","Sandwiches ","2-3 veces por semana ","Nunca o rara vez ","4 o más ",No,"No desayuno antes de ir al colegio",Sí,"Pocas veces durante el día / tomo un poco de agua ",No,Otra,Si,Nunca,"Caramelos (chupetines, gomitas y masticables)"
